P,V_max,V_min
2.289440027204666,0.11021043063739684,0.09874804654990789
2.289489071449604,0.11003863805275194,0.09887632718286078
2.289559454717628,0.10978802075287121,0.09906705120495772
2.2896577718670383,0.10942431828312961,0.09934757763754168
2.289799299219221,0.10886669500609618,0.09978139344175949
2.2900039131664096,0.10796507387559885,0.10051255970207501
2.290293296330794,0.10625549252725384,0.10198445364871678
2.2903913671982514,0.10528823194634886,0.10287265183984523
2.290423069862793,0.10474728684233066,0.10338796313878432
2.290432704758199,0.10446359539971789,0.10366424919017991
2.2904373173360235,0.1041852481709816,0.10393886866155871
2.2904372989452964,0.1041875936754434,0.10393654421798873
2.290432220734205,0.10448244360135682,0.10364577190430978
2.2904226904427856,0.10475648104225126,0.10337952919344474
2.2904085528736147,0.10503184045785288,0.10311572309966757
2.290388197729559,0.10533012576066239,0.10283339598168806
2.290359383906215,0.1056636389590806,0.10252245940493165
2.290318994551028,0.10604445367101555,0.10217432705572414
2.2902627338727197,0.10648480607655095,0.10178076418928483
2.290184737360024,0.10699776445669577,0.10133088176991482
2.2900770757008146,0.10759897545642748,0.10081650530948337
2.289929155525792,0.1083117524939255,0.10022934517132
2.289727056275243,0.10915686289357018,0.09955293177172454
2.289452918065342,0.11016486432591124,0.09878351606290561
2.289084639338293,0.11137278368065257,0.09790073644424883
2.2886238483712704,0.11275014870278076,0.09695372127339523
2.2881856341417444,0.11397255557903894,0.09615435533093301
2.287769055122742,0.11510271101052137,0.09545434104265767
2.2873731634944536,0.11614610564900799,0.094832070535905
2.286997030742435,0.11714145067425626,0.09426719237571309
2.2866397542395576,0.11808214881834367,0.09374746060239796
2.28630046004976,0.11898220027878666,0.09327334955081246
2.285978304083215,0.11985723323909706,0.0928228533133816
2.285672472391214,0.12069602384566645,0.09240350302795897
2.2853821810575274,0.12150790658345423,0.09201396385256173
2.2851066758726066,0.12231048794297171,0.09163932922394324
2.2848452318896784,0.12308722266861052,0.09128220186586114
2.2845971529139324,0.12384028257549796,0.09094653871051597
2.2843617709515276,0.12458511978593277,0.09063045064144847
2.284138445632174,0.12532229846115156,0.09031793494060848
2.2839265636121286,0.1260411930019017,0.09001853920882077
2.2837255379606516,0.12674302216263125,0.08973435132177912
2.283534807531088,0.12743300111746886,0.08946430121873183
2.283353836316869,0.12813036736516462,0.08920350397736904
2.283182112792468,0.12881392290307359,0.08894141356869179
2.2830191492394425,0.12948443152836397,0.08869084386216228
2.2828644810579806,0.13014260468808175,0.08845112495161314
2.2827176660647686,0.13078910763820645,0.08822164582715399
2.2825782837783906,0.13145105730982118,0.0880018470893523
2.2824459346938832,0.13210315035434333,0.08777826569822517
2.282320239548428,0.13274534399175084,0.08755887849675836
2.282200838580449,0.13337809682702323,0.08734776692936631
2.2820873907846315,0.13400184579876498,0.08714454657745692
2.2819795731655335,0.13461700782729186,0.08694885941233275
2.281877079992537,0.1352469814418981,0.08676037116916618
2.281779622058923,0.1358737205283745,0.08657576289434486
2.2816869259477954,0.13649292890342146,0.08638334600244635
2.2815987333074883,0.13710490814918022,0.08619728384171021
2.2815148001389307,0.13770994987779206,0.08601733327262948
2.281434896097276,0.1383083361534572,0.08584326439290359
2.281358803809861,0.13890033985575434,0.08567485944213846
2.281286318212349,0.1394997983680737,0.08551191182802376
2.2812172459046347,0.1401078944529229,0.08535422525814544
2.2811514045278445,0.14071021620114155,0.08519730184469756
2.2810886221635163,0.14130696809626037,0.08503218873108775
2.281028736755772,0.14189835017800376,0.08487186626039667
2.2809715955570726,0.1424845580545886,0.08471618389330586
2.28091705459792,0.1430657829109366,0.0845649972165242
2.2808649781806496,0.14364221151571366,0.08441816754911935
2.2808152383972824,0.14421402622945922,0.08427556158715215
2.2807677146712297,0.14479856908511812,0.08413705108216474
2.2807222933224973,0.14539015685352122,0.08400251254962388
2.2806788671559017,0.14597742379127834,0.0838718270038963
2.2806373350717215,0.146560512208216,0.08373475109528337
2.2805976016980933,0.14713956249133522,0.08359406079050692
2.280559577044412,0.14771471301116504,0.08345697938573232
2.2805231761749303,0.14828610003740497,0.08332341141682362
2.2804883189017184,0.14885385766408846,0.08319326423477112
2.280454929496108,0.14941811774432337,0.0830664478854067
2.2804229364177537,0.14997900983455179,0.08294287499902954
2.2803922720604173,0.15053666114815883,0.08282246068878987
2.280362872513592,0.1511119559704121,0.08270512245681572
2.2803346773391113,0.15169230287733812,0.08259078010718969
2.2803076293618876,0.15226950556546226,0.08247935566498954
2.280281674473957,0.15284366838251912,0.0823707733006998
2.280256761451034,0.15341489483344742,0.08225460517500306
2.2802328417808115,0.15398328749625873,0.08213414369011461
2.280209869502277,0.15454894794708743,0.082016412590588
2.2801878010553374,0.15511197669409404,0.08190134889310997
2.280166595140095,0.15567247311988305,0.08178889100825479
2.280146212585148,0.15623053543205875,0.08167897870983068
2.2801266162243152,0.15678626062154377,0.08157155310572521
2.2801077707812327,0.15733974442826576,0.0814665566100295
2.2800896427612916,0.15789108131382282,0.08136393291625241
2.2800722003504283,0.15844451219898023,0.08126362697146346
2.280055413320301,0.15902116875190817,0.08116558495122625
2.2800392529394284,0.1595956743952312,0.08106975423520661
2.2800236918898764,0.16016811168265366,0.08097608338335571
2.2800087041891284,0.16073856292105462,0.08088452211258698
2.2799942651167835,0.16130711012150745,0.08079502127387801
2.2799803511457544,0.16187383495649302,0.08070090082439385
2.2799669398776645,0.16243881872303687,0.0805980678137208
2.279954009982167,0.16300214231148985,0.08049726520438728
2.279941541139912,0.16356388617969622,0.08039845094772284
2.279929513988928,0.1641241303322763,0.08030158375211689
2.27991791007419,0.16468295430477684,0.08020662307582871
2.279906711800159,0.1652404371524414,0.08011352911945702
2.279895902386099,0.16579665744335823,0.08002226281807086
2.279885465824002,0.16635169325576152,0.07993278583300598
2.27987538683893,0.1669056221792698,0.07984506054333401
2.279865650851636,0.16745852131984332,0.07975905003701687
2.2798562439433154,0.16801046730827887,0.07967471810175665
2.2798471528223443,0.16858680507346724,0.079592029215559
2.279838364792885,0.16916678194001789,0.07951094853702294
2.2798298677252475,0.16974577317524864,0.07943144189537682
2.279821650027879,0.1703238536248286,0.07935347578027563
2.27981370062091,0.17090109841535203,0.079277017331381
2.2798060089111276,0.17147758295022286,0.07920203432773845
2.279798564768318,0.17205338290928765,0.07912849517697382
2.27979135850288,0.17262857425212544,0.07905636890432458
2.2797843808446383,0.17320323322489437,0.07897708225104295
2.279777622922779,0.17377743637064777,0.07889042230474042
2.2797710762468526,0.17435126054304062,0.07880519463044504
2.279764732688773,0.17492478292334918,0.07872137185223081
2.279758584465754,0.1754980810407489,0.07863892701775983
2.2797526241241335,0.17607123279578707,0.07855783359422679
2.279746844524032,0.17664431648700474,0.0784780654639501
2.279741238824801,0.17721741084067258,0.0783995969196306
2.2797358004712107,0.1777905950436137,0.07832240265929723
2.279730523180336,0.17836394877908895,0.07824645778096029
2.2797254009291135,0.17893755226574004,0.07817173777698962
2.279720427942511,0.17951148629958918,0.07809821852823573
2.279715598682298,0.1800858322991077,0.07802587629791094
2.279710907836367,0.18066067235337394,0.07795468772524511
2.279706350308586,0.181243253660999,0.07788462981893178
2.279701921209147,0.18185049950622534,0.07781567995037711
2.2796976158453885,0.18245831727709796,0.07774781584676592
2.279693429713066,0.18306679801294715,0.07768101558395475
2.27968935848804,0.18367603422817014,0.07761525757920303
2.279685398018372,0.1842861199709865,0.07755052058375281
2.2796815443167913,0.18489715088704164,0.07748678367526309
2.279677793553528,0.18550922428799896,0.07742402625010879
2.2796741420494877,0.1861224392252998,0.07736222801554882
2.2796705862697393,0.18673689656928816,0.07730136898176794
2.279667122817322,0.18735269909389582,0.07724142945379842
2.2796637484273345,0.1879699515671308,0.07718239002332244
2.2796604599613017,0.1885887608476288,0.07712423156035739
2.279657254401807,0.18920923598753275,0.07705372106836952
2.279654128847367,0.18983148834203184,0.07697963146913343
2.2796510805075494,0.1904556316858786,0.07690645603153629
2.2796481066983074,0.1910817823372722,0.07683417686582422
2.2796452048375357,0.19171005928949925,0.07676277624758239
2.2796423724408212,0.19234058435078621,0.07669223661149505
2.2796396071173906,0.1929734822928482,0.07662254054483213
2.27963690656624,0.1936088810086579,0.07655367078065851
2.27963426857244,0.1942469116800186,0.07648561019076111
2.2796316910036047,0.1948877089555787,0.07641834177828563
2.279629171806515,0.1955314111399706,0.07635184867007574
2.279626709003903,0.1961781603948348,0.07628611410870323
2.2796243006913652,0.19682810295255795,0.07622112144417655
2.2796219450344193,0.1974813893436255,0.07615685412531352
2.2796196402656927,0.19813817463857605,0.07609329569076159
2.2796173846822256,0.19879861870565255,0.07603042975964522
2.2796151766429,0.19946288648532004,0.07596824002182012
2.279613014565978,0.2001311482829645,0.07590671022770899
2.279610896926742,0.2008297974586047,0.07584582417769004
2.279608822255243,0.2015420817396107,0.0757855657110092
2.2796067891341427,0.2022590235268924,0.07572591869417997
2.279604796196648,0.20298083811502504,0.07566686700883267
2.2796028421245347,0.2037077490480205,0.07560839453896999
2.2796009256462524,0.20443998861578747,0.07555048515758116
2.279599045535112,0.2051777983884339,0.07549312271256065
2.2795972006075504,0.20592142979179137,0.07543629101187407
2.279595389721464,0.20667114472793752,0.07537997380790265
2.279593611774617,0.20742721624487842,0.07532415478089569
2.2795918657031105,0.2081899292600559,0.0752688175214477
2.2795901504799208,0.2089595813428497,0.07521394551191052
2.279588465113492,0.2097364835618857,0.07515952210663758
2.2795868086463904,0.21052096140359758,0.07510553051094938
2.279585180154013,0.21131335576931792,0.0750519537586921
2.2795835787433476,0.2121140240590459,0.07499877468824784
2.279582003551783,0.21292334135104268,0.07494597591683856
2.2795804537459703,0.21374170168759113,0.07489353981294568
2.27957892852072,0.2145695194786024,0.07483255779080054
2.2795774270979576,0.21540723103624604,0.07476150417824602
2.279575948725705,0.21625529625562817,0.0746908329037712
2.2795744926771118,0.21711420045854218,0.07462052562335046
2.27957305824952,0.21798445641973452,0.07455056351564504
2.2795716447635637,0.21886660659791893,0.07448092723351167
2.279570251562303,0.21976122559699485,0.07441159685073494
2.2795688780103904,0.22066892288676185,0.07434255180338302
2.2795675234932684,0.22159034581688392,0.07427377082509551
2.2795661874163913,0.22252618296315205,0.07420523187550566
2.2795648692044765,0.22347716785133764,0.07413691206087157
2.279563568300781,0.22444408311137584,0.07406878754584097
2.279562284166402,0.2254277651234818,0.0740008334550944
2.27956101627959,0.22642910922846557,0.07393302376339675
2.2795597641350938,0.2274490755872835,0.073865331172329
2.279558527243513,0.2284886957903833,0.07379772697166113
2.2795573051306666,0.229549080336219,0.07373018088294696
2.2795560973369757,0.23063142712131557,0.0736626608824617
2.279554903416858,0.2317370311125058,0.07359513300003749
2.2795537229381186,0.2328672954069301,0.0735275610896494
2.2795525554813527,0.23402374392872557,0.07345990656674438
2.2795514006393423,0.2352080360657171,0.07339212810621547
2.2795502580164446,0.23642198361775396,0.07332418129356776
2.2795491272279693,0.23766757051531412,0.0732560182200893
2.279548007899531,0.2389521358117375,0.07318758701064142
2.2795468996663737,0.24032674742242777,0.07311883126984059
2.2795458021726502,0.24174243327040862,0.07304968942871372
2.2795447150706476,0.243202367663429,0.07298009396907029
2.2795436380199234,0.24471009165211943,0.07290997049641347
2.279542570686352,0.24626957305905084,0.07283923662361524
2.279541512741025,0.2478852795365696,0.07276780061589765
2.2795404638589654,0.2495622682606361,0.07269555973161526
2.279539423717606,0.2513062971080661,0.07262239817093466
2.279538391994927,0.25312396392395375,0.07254818451276272
2.2795373683671447,0.25502288302567094,0.07247276847450154
2.27953635250579,0.25701191182712646,0.0723959767618944
2.2795353440738984,0.2591014460853357,0.07231393490581055
2.279534342720976,0.26130381092227134,0.07219733341356925
2.2795333480761606,0.2636337884604969,0.07207828507888857
2.2795323597386963,0.26610934523639757,0.07195644239754667
2.2795313772642976,0.26875266028219175,0.07183138248338523
2.279530400145004,0.27159162118826363,0.07170258078518191
2.2795294277783067,0.2746620781613097,0.07156937150494141
2.2795284594177225,0.27801138620260774,0.07143088538047347
2.279527494089383,0.28170426950598576,0.07128594657582396
2.2795265304414727,0.28583319689206693,0.07113288993592011
2.279525566447447,0.29053842008733827,0.07096920715081409
2.2795245987448736,0.2960516934020732,0.07079077218423332
2.2795236208643885,0.30281091962264245,0.07058980167509434
2.2795226166744733,0.31187505514036035,0.07034743545007896
2.2795214992121333,0.3286784872910507,0.06996607073269209
2.2795213056415498,0.3341795813301697,0.06985721263637075
2.279521202929902,0.33860789139924846,0.06977442784624885
2.279521170364291,0.34066885908449845,0.06973727074616679
2.2795211535080173,0.34207468437509947,0.06971239917483957
2.2795211407337965,0.343503767249621,0.06968749653114666
2.2795211316961943,0.34506918925586744,0.06966064535186195
2.279521127611573,0.3468203584790422,0.06963112085434085
2.2795211305348033,0.3488087993178583,0.06959822922706985
2.279521143597231,0.3510919831753121,0.06956125893377407
2.279521171386191,0.35373551984289614,0.06951946736987295
2.279521220486128,0.35681536420313864,0.06947207379092052
2.279521300233616,0.36042001108956473,0.06941825781845251
2.2795214237583483,0.3646525825234632,0.0693571615631499
2.279521609407347,0.3696325403083539,0.0692878916222035
2.279521882681285,0.3754964808032373,0.0692024313861484
2.2795222788503846,0.3823970536113034,0.06903503816908255
2.279522846462486,0.3904984756798686,0.06885090777879861
2.279523454567459,0.3978068015660407,0.06869567374735254
2.2795240698565786,0.4042662783462852,0.06856667256324747
2.2795246893584356,0.4100899182413573,0.06845672368789466
2.2795253113157687,0.41541137746286594,0.06836135734855817
2.2795259346015797,0.42032154140038586,0.06827756451684472
2.2795265584502102,0.4248858375563327,0.06820320514838331
2.279527182318395,0.429153413727211,0.06813669429513065
2.2795278058073074,0.43316242557639184,0.06807682117708158
2.2795284286159982,0.43694328311467623,0.06802263804341516
2.279529050512168,0.4405207470622209,0.06797338838246393
2.2795296713130444,0.44391533923614757,0.06792845861682933
2.279530290872468,0.4474321336500814,0.06788734448435148
2.2795309090718914,0.4514007772153352,0.067849626966444
2.279531525813975,0.4552517184218828,0.06781495463097044
2.2795321410179197,0.45899350771370057,0.06778303040830781
2.2795327546160022,0.4626335682442892,0.06775360150723285
2.279533366550971,0.46617839662969257,0.0677264516027805
2.279533976774045,0.4696337200554378,0.06770139469946836
2.279534585243368,0.47300462081169903,0.06767827025084608
2.2795351919227937,0.47629563615278897,0.06765693923535851
2.2795357967809267,0.4795108392078817,0.06763728097000751
2.2795363997903455,0.48265390516087353,0.06761919050017035
2.279537000926988,0.48572816584972367,0.06760257644431315
2.2795376001696392,0.4887366551681388,0.06758735920146196
2.2795381974995133,0.4916821470934596,0.0675734694506008
2.2795387928999165,0.4945671877514169,0.06756084688696344
2.279539386355953,0.4973941226198694,0.06754943915203585
2.2795399778542915,0.5001651197405546,0.06753920092307707
2.2795405673829596,0.5028821896296575,0.06753009313486029
2.2795411549311733,0.5055472024410397,0.06752208231166716
2.2795417404891936,0.508161902829135,0.0675151399917347
2.2795423240481987,0.5107279228750596,0.0675092422296302
2.2795429056001826,0.513246793373307,0.06750436916463197
2.2795434851378573,0.5157199537238888,0.06750050464527034
2.279544062654579,0.5181487606327344,0.06749763590185552
2.2795446381442717,0.5205344957890456,0.06749575326017222
2.279545211601376,0.5228783726609377,0.06749484989062322
2.2795457830207875,0.5251815425280898,0.06749492158800555
2.2795463523978174,0.5274450998517566,0.06749596657784863
2.2795469197281477,0.5296700870672412,0.06749798534585666
2.2795474850077952,0.5318574988713889,0.06750098048750934
2.2795480482330843,0.5340082860671186,0.06750495657530421
2.2795486094006114,0.5361233590182135,0.06750992004148008
2.279549168507227,0.5382035907603497,0.06751587907436445
2.2795497255500092,0.5402498198079175,0.06751817144640157
2.2795502805262435,0.5422628526911466,0.06750123039052239
2.279550833433408,0.5442434662534088,0.067484726597614
2.279551384269154,0.5461924097348025,0.06746866221061444
2.2795519330312914,0.5481104066649363,0.06745304003298941
2.2795524797177817,0.549998156584878,0.06743786352856301
2.279553024326717,0.551856336615903,0.06742313682409759
2.279553566856316,0.5536856028906116,0.0674088647144747
2.2795541073049144,0.5554865918600892,0.06739505267035278
2.2795546456709497,0.557259921489246,0.06738170684819815
2.279555181952963,0.559006192351144,0.06736883410260318
2.2795557161495834,0.5607259886298109,0.06735644200082083
2.279556248259526,0.5624198790401187,0.06734453883945858
2.2795567782815866,0.5640884176722684,0.06733313366328532
2.2795573062146333,0.5657321447676815,0.06732223628611583
2.2795578320576033,0.5673515874323565,0.06731185731374514
2.279558355809501,0.5689472602931496,0.06730200816891317
2.279558877469391,0.5705196661018082,0.06729270111828654
2.279559397036397,0.5720692962911961,0.06727933821589417
2.2795599145097003,0.5735966314876544,0.06726045945568838
2.2795604298885355,0.5751021419830306,0.06724199394044938
2.27956094317219,0.5765862881696637,0.06722395037904112
2.2795614543600085,0.5780495209412134,0.06720633776243318
2.2795619634513877,0.579492282061988,0.0671891653633289
2.279562470445784,0.5809150045072364,0.0671724427368318
2.2795629753427122,0.5823181127765612,0.06715617972217408
2.2795634781417595,0.5837020231825075,0.06714038644554092
2.279563978842586,0.5850671441161814,0.06712507332403313
2.279564477444944,0.586413876291584,0.06711025107082086
2.2795649739486934,0.5877426129702432,0.0670959307015497
2.279565468353821,0.5890537401675792,0.06708212354207145
2.279565960660478,0.5904719425365573,0.06706884123758093
2.2795664508690154,0.5927819113247386,0.06705609576325056
2.2795669389800386,0.5950713111609865,0.06704389943646585
2.279567424994478,0.5973400541029235,0.06703226493077503
2.2795679089136787,0.5995880590407131,0.06702120529167778
2.2795683907395214,0.6018152517005227,0.0670107339543901
2.2795688704745687,0.6040215646296985,0.0670008647637339
2.279569348122271,0.6062069371642973,0.06699161199631398
2.2795698236872166,0.6083713153795525,0.0669829903851562
2.2795702971754674,0.6105146520239467,0.0669750151469967
2.279570768594978,0.6126369064373747,0.06696770201242451
2.2795712379561452,0.6147380444540211,0.06696106725909512
2.2795717052725073,0.6168180382903643,0.06695512774824815
2.279572170561644,0.6188768664187997,0.06694990096477728
2.2795726338463207,0.6209145134272468,0.06694540506111656
2.279573095155953,0.6229309698650471,0.06694165890522424
2.2795735545284814,0.6249262320754376,0.06693868213296134
2.2795740120127372,0.6269003020147242,0.06693649520517915
2.279574467671465,0.6288531870583131,0.06693511946984748
2.279574921585145,0.6307848997935808,0.06693457722957205
2.279575373856833,0.6326954577995507,0.06693489181486699
2.2795758246182722,0.6345848834132584,0.06693608766356535
2.2795762740375913,0.6364532034826005,0.06693819040676749
2.279576722328997,0.6383004491054524,0.0669412269617441
2.2795771697649374,0.6401266553547571,0.06694522563222476
2.279577616691329,0.641931860989279,0.06693526123366886
2.2795780635466074,0.6437161081497439,0.0669176267287617
2.2795785108854694,0.6454794420400455,0.0669007730246918
2.2795789594084206,0.6472219105933187,0.06688472909272364
2.2795794099984543,0.6489435641227473,0.06686952485887085
2.279579863766459,0.650644454957075,0.06685519122796164
2.279580322107314,0.6523246370610291,0.06684176010923266
2.2795807867689777,0.6539841656410427,0.06682926444373483
2.2795812599373764,0.6556230967369987,0.06681773823387817
2.279581744340389,0.6572414868010463,0.06680721657549478
2.2795822433748785,0.6588393922650164,0.06679773569285297
2.2795827612613824,0.6604168690984334,0.06678933297711957
2.2795833032319224,0.6619739723597968,0.06678204702883575
2.2795838757572544,0.6635107557444497,0.0667759177050466
2.2795844868209256,0.6650272711332279,0.06677098617181089
2.2795851462485928,0.6665235681469543,0.06676729496290568
2.279585866102279,0.667999693712921,0.06676488804564228
2.2795866611505313,0.6694556916506382,0.06676381089481732
2.2795875494268043,0.6708916022853767,0.06676411057593853
2.279588552889773,0.6723074620994206,0.0667658358389904
2.279589698200628,0.6737033034323255,0.06676903722413668
2.279591017633714,0.6750791542430212,0.06677376718089754
2.279592550137964,0.6764350379480373,0.06678008020248491
2.2795943425674516,0.6777709733515721,0.06678803297713228
2.279596451099858,0.6790869746844658,0.06678523446499794
2.2795989428615737,0.6803830517701481,0.06677074308358422
2.279601897777445,0.6816592103364532,0.06675735434130421
2.279605410661537,0.6829154524923912,0.06674512062559827
2.279609593562665,0.6841517773886393,0.06673409707561646
2.2796145783745656,0.6853681820793301,0.06672434172081096
2.2796205197153503,0.6865646626005789,0.06671591562672793
2.279627598074166,0.6877412152779143,0.06670888304849835
2.2796360232147297,0.6888978382702201,0.0667033115925684
2.279646037815679,0.6900345333518525,0.06669927238726309
2.279657921316603,0.6911513079272654,0.0666968402628396
2.279671993926539,0.6922481772637769,0.06669609394176836
2.279688620739094,0.6933251669182573,0.06669711624008606
2.279708215885745,0.6943823153228319,0.06669999428080524
2.279731246647154,0.6954196764835748,0.06670481972054779
2.279758237432354,0.69643732273535,0.06671168899080872
2.279789773528305,0.6982450446799897,0.06671243643344565
2.279826504518692,0.7002158933968738,0.06669934649805404
2.2798691472715413,0.7021501786226114,0.06668775038682473
2.2799184884010724,0.7040479231949118,0.06667772367827642
2.2799753861202987,0.7059092065925833,0.06666934682134551
2.2800407714172275,0.7077341664244913,0.06666270544732847
2.2801156485084677,0.7095229992433311,0.0666578906965854
2.280201094548666,0.711275960616277,0.06665499956130999
2.280298258601044,0.7129933644091662,0.06665413524603123
2.2804083599018066,0.714675581268729,0.06665540754790075
2.2805326854775116,0.7163230363168493,0.06665893325922356
2.2806725871979907,0.7179362060999789,0.06666483659511045
2.2808294783665577,0.7195156148638081,0.06667324964956221
2.28100482996299,0.7210618302464149,0.06667766260249382
2.2812001666624115,0.7225754585009757,0.06666658051736543
2.281417062754678,0.7240571393709913,0.066657562366186
2.281657138084487,0.7255075407463021,0.06665071831428221
2.2819220541229304,0.7269273532272976,0.06664616511287798
2.282213510267742,0.7283172847181175,0.06664402662179143
2.282533240453133,0.7296780551583366,0.06664443438879811
2.2828830101322866,0.731010391487788,0.06664752829042325
2.2832646136773063,0.7323150229220281,0.06665345723905818
2.283679872223863,0.7335926765978344,0.06666237996148458
2.2841306319716157,0.734844073630096,0.06667446585416081
2.284618762937346,0.7360699256044898,0.06668586020717633
2.2851461581459165,0.73727093151516,0.06667879268616098
2.2857147332347463,0.7384477751436839,0.06667443588675952
2.286326426440462,0.7396011228651792,0.06667294364466939
2.286983198931502,0.7407316218594816,0.06667447988315386
2.2876870354474614,0.7418398986997721,0.06667921950902604
2.288439945204585,0.7429265582875608,0.06668734940576264
2.289243963026689,0.7439921831011437,0.06669906953468771
2.2901011506616284,0.7450373327241535,0.06671459415642031
2.291013598244974,0.7460625436211451,0.0667341531861136
2.2919834258745806,0.7470683291280189,0.0667381039897599
2.2930127852620443,0.748055179626098,0.06673879775975505
2.294103861429482,0.7490235628697955,0.06674304352041865
2.295258874422555,0.7499739244388964,0.06675105967906698
2.2964800810130153,0.750906688287695,0.0667630811914098
2.2977697763662683,0.7518222573647096,0.0667793611112072
2.299130295651308,0.7527210142786198,0.06680017231047744
2.3005640155719145,0.7536033219886784,0.06682580939248589
2.30207335579899,0.7544695245010996,0.06683822851720163
2.3036607802844014,0.7553199475568546,0.06684587471762586
2.3053287984365354,0.7561548993004874,0.06685789579113308
2.3070799661371217,0.7569746709237491,0.06687458169329276
2.308916886577684,0.7577795372813335,0.06689624654842422
2.310842210892538,0.7585697574784837,0.06692323104807196
2.3128586385636276,0.759345575431322,0.06695590512519202
2.314968917571,0.7601072204005305,0.06697688715475357
2.317175844261426,0.7616442523095639,0.06699251336375456
2.319482262906701,0.7633084103072693,0.067013443241178
2.3218910649224505,0.7649370151885659,0.06704005407173838
2.3244051877175695,0.7665302392447111,0.06707275684259778
2.3270276131436485,0.7680882528011391,0.06711199978726644
2.3297613655125,0.7696112250004253,0.06714626757610648
2.332609509148245,0.771099324566234,0.06716965366674255
2.335575145438484,0.7725527205354407,0.06719929061125902
2.3386614093471803,0.7739715829494417,0.067235650547178
2.341871465350712,0.7753560835006027,0.06727925000239032
2.345208502758569,0.7767063961341881,0.0673306547647157
2.3486757303817254,0.778022697608683,0.06736393486436809
2.3522763705148364,0.7793051680177161,0.06740029748398353
2.3560136522024906,0.7805539912755396,0.06744429206655858
2.3598908037644035,0.7817693555667036,0.06749653204352023
2.3639110445590616,0.782951453760569,0.0675576914925325
2.368077575970183,0.7841004837932325,0.06760087258580331
2.37239357160618,0.7852166490225634,0.06764827889776807
2.3768621667107497,0.7863001585647509,0.06770458320986333
2.381486446793711,0.7873512276215401,0.06777053401484301
2.3862694355054597,0.7883700778057594,0.06783636801555278
2.3912140817948284,0.7893569374696867,0.0678903343096383
2.396323246407383,0.7903120420378321,0.06795409114847796
2.4015996877981003,0.7912356343440633,0.06802848607560608
2.4070460475484805,0.7921279649718193,0.06810900353736554
2.412664835395093,0.7929892925944981,0.06817298302368738
2.418458413994604,0.7938198843097213,0.06824792735354966
2.424428983570706,0.7946200159562457,0.06833481347261819
2.4305785666080832,0.795389972398083,0.0684238027384514
2.436908992776746,0.7961300477574956,0.06850173271000747
2.44342188428414,0.7968405455777594,0.06859214437181015
2.450118641862631,0.7982914729977902,0.06869618296446765
2.457000431607489,0.7998313343750464,0.06878850997327113
2.4640681728844807,0.8013109769247623,0.06888501922879933
2.4713225275264343,0.8027312279883831,0.0689959568287108
2.4787638905311797,0.8040929574934826,0.06910853479517112
2.486392382459691,0.8053970756017813,0.06921377241076411
2.4942078437125605,0.8066445300790525,0.06933445618107546
2.502209830838379,0.8078363033799127,0.06946345040981967
2.5103976149977254,0.8089734094397423,0.06958020085337265
2.518770182670261,0.8100568901674537,0.06971366397166336
2.527326238657422,0.8110878116350191,0.0698561311613275
2.5360642113856677,0.8120672599604708,0.06998744131965123
2.544982260478017,0.8129963368867736,0.0701370302058471
2.554078286514087,0.8138761550602003,0.07029067504874147
2.5633499428647455,0.8147078330168221,0.0704399960645413
2.5727946494411302,0.8154924898870398,0.07060953871789678
2.582409608172598,0.8162312398316415,0.07077254859074149
2.592191819990966,0.8169251862203435,0.07094393258356081
2.6021381030889055,0.8175754155653983,0.07113374599014383
2.6122451121939285,0.8181829912162022,0.07130892567211619
2.6225093585970853,0.8187489468119489,0.07150731364338779
2.6329272306789644,0.8192742794845511,0.07170434714381141
2.6434950146736655,0.8204267492417863,0.07190929472006093
2.6542089154312998,0.821636921561286,0.07213078094416629
2.665065076951367,0.8227786513729859,0.07234464018013344
2.6760596024865073,0.8238539311847461,0.07258648928890268
2.6871885740299932,0.8248646759470586,0.07281493125400704
2.6984480710492202,0.8258127106805229,0.07306997946144851
2.7098341883198183,0.8266997575775719,0.07332269477000762
2.721343052773101,0.8275274223176967,0.07359444753188925
2.732970839272812,0.8282971792549212,0.0738715862865884
2.74471378526162,0.8290103550315412,0.0741642849698458
2.7565682042277775,0.8296681100341041,0.07446670447393801
2.768530497943087,0.8302714169227635,0.07478567147951153
2.7805971674090477,0.8308210352131064,0.07511510628716421
2.79276482241144,0.8313174805398996,0.07546726639480403
2.8050301895130625,0.831760986738403,0.07582665043439177
2.817390118190772,0.8321514581687728,0.07622135571083348
2.8298415846145297,0.8324884086682013,0.07661540879472753
2.842381692218534,0.8327708819584196,0.07705115543822903
2.855007667632861,0.8333579134036458,0.07750212681411765
2.8677168495592835,0.834221211727344,0.0779843960971208
2.8805066664769043,0.8350038081158679,0.07851374461669738
2.8933745960661783,0.8357030964685911,0.07906339089958464
2.906318093798212,0.8363149390287917,0.07966499739199749
2.919334467919173,0.8368330808233155,0.08032910864996318
2.9324206581008108,0.8372482325574627,0.08106406920725082
2.9455728341537335,0.8375465717500974,0.08186536187170851
2.958785642576852,0.8377071636656649,0.08277553306002026
2.972050722533023,0.8376972314735265,0.08382707823920231
2.985353588028677,0.8374627473427578,0.08507364718870083
2.9986664665250546,0.836907583647521,0.08659618290782678
3.011929543369004,0.8358397560163078,0.08855740230425434
3.024989915189498,0.8337964190688164,0.09136005788770316
3.037290822276212,0.8291718984117189,0.09624300680016697
3.0414941752758975,0.8052271193220768,0.11382399142691603
3.0373627368464677,0.79327649092862,0.1210065345984314
3.033268435184247,0.7834064910500667,0.12657510388852355
3.0288926519033796,0.7736892699831924,0.1319040109982486
3.0242789201335127,0.7639688205274356,0.13709205478752265
3.0194379215354927,0.7541563494815058,0.14222722545411848
3.014366572107816,0.7441923917723413,0.14739341130025602
3.0090555354888253,0.7340335394009136,0.15263555673459747
3.0034923888414853,0.7236460965741582,0.15799402628118583
2.9976631854349916,0.7130027029880674,0.1634874074095805
2.9915533908555143,0.7024111779395656,0.16913291733643368
2.9851485861198968,0.6917192095904909,0.17499205892126507
2.9784351118972587,0.6806644132883505,0.18110482496900768
2.9714007340227666,0.6692298619923998,0.18749724299020692
2.9640353627052494,0.6573996148177772,0.19412828118703204
2.956331828404995,0.645157917032482,0.2011311708607382
2.948286697033154,0.6327484578948199,0.20849583108705086
2.9399010963893106,0.6200846865982809,0.21624871225826459
2.9311815297574633,0.6068915488385779,0.22449682448094999
2.922140681543315,0.5931348899253323,0.23321604067503263
2.912798288893858,0.5789522804632622,0.2425633069724295
2.9031822892974466,0.5642918902979456,0.25258338324785423
2.893330717884482,0.5487854568281251,0.26341658620762737
2.8832953824205,0.5324542538185489,0.27529637557939124
2.8731496738752473,0.5150299779639805,0.28843538782258077
2.8630065857533675,0.4959999634256044,0.3033050886656631
2.8530653458300224,0.47476580816917874,0.32069214355410297
2.8437559528783574,0.44990501330386246,0.34209501222741956
2.8363323659316717,0.4182838482659675,0.37104593641785033
2.836003397971111,0.4159405916740782,0.37326154589051364
2.8454492958388253,0.45500786719095676,0.33758484850650733
2.8552622296405636,0.47978559592925313,0.31651836371760284
2.86532793488337,0.5005585430385925,0.29971163477356194
2.8755076941784616,0.5191618523131403,0.2852684518755874
2.8856495783348137,0.536371309724966,0.27240958961890965
2.8956571982116963,0.5525145114418519,0.2607941355139755
2.905464931408922,0.5676783930519173,0.2501841925196185
2.915025395002465,0.5824049564493275,0.24029200625816663
2.924303533393047,0.5964968790142361,0.2311170194923303
2.9332736967329454,0.60997521736265,0.22248751948769108
2.941918058397261,0.6229457635069461,0.21438504239260442
2.950225593705915,0.635833627140494,0.20670008116550445
2.958191250610257,0.6482665328861227,0.19946564627703153
2.965815151824061,0.6602638297234537,0.19251643080073255
2.973101779265985,0.6718426690094799,0.18593427934619627
2.9800591476209854,0.6830194657662406,0.17965665987594243
2.9866979950012293,0.6941670786261233,0.1735832005238061
2.9930310180310857,0.7051881853361484,0.1677596154768501
2.999072164899628,0.7159059486208362,0.16214588100852556
3.0048359773701034,0.7263410927203847,0.15670354370659614
3.010336939668569,0.7365176990554655,0.15139463222403732
3.015588736183968,0.7464645383542188,0.14618024739061455
3.020603204250462,0.7562172525545169,0.1410185886044133
3.0253884872951784,0.7658221871134012,0.13586192460795585
3.0299451119138516,0.775343641143636,0.13065142325019535
3.0342561892319653,0.7852878898247013,0.12530715097606474
3.038257999056467,0.795657511351946,0.1196269430565723
3.0417240331036743,0.8065664237942611,0.1132969158280477
3.043491423599295,0.8189232239538783,0.1053062460211953
3.0212820960376336,0.8346405506612756,0.09043013973788806
3.006921375116692,0.8357324442521207,0.08774611762663434
2.993610544374414,0.83628405445616,0.08596848512616903
2.9802905830838986,0.836868962713357,0.08457150591718311
2.9669962024495034,0.8371772673660975,0.08341177795103241
2.953747328677596,0.8372864969542219,0.08241593729665038
2.940554990068216,0.8372419557097922,0.08154211958111304
2.9274258875479724,0.8370719783899939,0.08076467858100225
2.9143645395108417,0.8367951306767696,0.08006713728649842
2.9013743491630137,0.8364239575539666,0.0794386178055942
2.888458163252679,0.8359670853795401,0.07884704295060282
2.875618576214121,0.8354304721332071,0.07830024055813238
2.862858100490923,0.834818187454768,0.07780317543054793
2.8501792635961216,0.8341329190735699,0.07732504234390784
2.837584663651723,0.8333763129060208,0.07687864927805822
2.825077000664758,0.8325492082479009,0.07646790346370541
2.8126590932056295,0.8316518047108334,0.0760611202559375
2.8003338860321936,0.8306837835620595,0.07569440339624028
2.788104451895873,0.8300374217247432,0.07532681746491099
2.775973989441599,0.8296691112165697,0.07499131856242966
2.7639458183371044,0.8292539127177027,0.07465981647880339
2.752023372305085,0.8287916124948281,0.07435211947024827
2.7402101904545533,0.8282817716805302,0.07404906262857605
2.7285099071417567,0.8277237552814652,0.07376710550026051
2.716926240493733,0.8271167562055224,0.07348668892688237
2.7054629796736647,0.8264598155480555,0.07322937280768492
2.694123970941399,0.8257518400641187,0.07296702178969913
2.6829131025553967,0.8249916175263682,0.0727340006967731
2.6718342885679602,0.8241778305005186,0.07248597702564522
2.6608914515798583,0.8233090689442766,0.07226673783804573
2.650088504540656,0.8223838419395251,0.07204068896629075
2.6394293317043704,0.8214005887929698,0.0718311972711992
2.6289177688808567,0.8203576896818512,0.07162929035934402
2.6185575831356,0.8192534759747551,0.07142710805515896
2.608352452140457,0.8180862403192701,0.07124861332399571
2.598305943377453,0.8168542465593751,0.07105365794850252
2.5884214934314027,0.8155557395190874,0.07087958044895644
2.5787023876202966,0.8143140816918333,0.07071078533763724
2.5691517402202027,0.8137263465250778,0.07053915483912
2.559772475547233,0.8131008931580272,0.0703880384452311
2.5505673101558934,0.8124369249927241,0.07022804551852432
2.5415387364009114,0.8117336406057531,0.07007722019724572
2.5326890075969657,0.8109902382548428,0.06994488220171015
2.524020124980996,0.8102059200882297,0.0697953392309635
2.5155338266545915,0.8093798960468122,0.06966139208938554
2.5072315786516355,0.8085113874523266,0.06954430005088483
2.499114568230427,0.8075996302788779,0.06940729207031884
2.491183699452528,0.80664387810532,0.0692868193889003
2.4834395910684446,0.8056434047555663,0.06918188024847646
2.4758825766827117,0.804597506634613,0.06906007455983834
2.468512707133534,0.8035055047734619,0.06895001835196679
2.4613297549862376,0.8023667465994153,0.06885442930275931
2.4543332210031337,0.8011806074493255,0.0687512863417983
2.4475223424266837,0.7999464918460556,0.068648802455539
2.4408961028874634,0.7986638345573548,0.06855993892594765
2.4344532437332456,0.797332101456295,0.0684800177655983
2.4281922765648085,0.7959507901992126,0.06838236622443103
2.422111496760397,0.7945194307369947,0.0682976864817867
2.416208997769338,0.7930375856737143,0.06822489932557364
2.4104826859597037,0.7915048504855743,0.06815152987636808
2.4049302958134757,0.7899208536091235,0.0680684846779042
2.399549405277259,0.78828525640408,0.06799692136758612
2.394337451094086,0.7874791305581248,0.06793590968302955
2.3892917439606336,0.78670841239774,0.0678750880950979
2.384409483371533,0.7859141392913925,0.06780226251604222
2.3796877720300356,0.7850961966852427,0.06773977809536999
2.3751236297220513,0.7842544707045069,0.06768681877694759
2.3707140065698407,0.7833888476516674,0.06764264439588745
2.3664557956011554,0.7824992135332144,0.06757956050276928
2.3623458445879115,0.7815854536158573,0.06752254925621018
2.358380967123862,0.7806474520084582,0.06747430058586702
2.354557952922922,0.7796850912634274,0.06743415144705484
2.3508735773295513,0.7786982519913058,0.06739973705757901
2.3473246100412615,0.7776868124835056,0.06734483088697679
2.343907823051891,0.7766506483389354,0.06729815482211146
2.340619997832851,0.7755896320895286,0.0672591021875355
2.3374579317774624,0.7745036328176179,0.06722711985922301
2.3344184439398576,0.7733925157561541,0.06720170291110178
2.331498380103972,0.7722561418620661,0.067161959379232
2.3286946172198917,0.7710943673545628,0.06712107649912984
2.326004067244738,0.7699070432132549,0.06708701467732568
2.3234236804242365,0.7686940146347452,0.06705929884082576
2.3209504480498935,0.7674551204492431,0.0670374939479707
2.318581404725864,0.7661901925001534,0.06702120113621135
2.3163136301792164,0.7648990549892454,0.06698940402985826
2.3141442506471623,0.7635815237886955,0.06695659366709301
2.312070439874681,0.7622374057200201,0.06692965017050594
2.310089419755301,0.7608664977996451,0.06690818636719159
2.3081984606466817,0.7594685864521622,0.06689184616441154
2.3063948813908883,0.7580434466951237,0.06688030167578797
2.3046760490671527,0.7565908413029312,0.06687296044305835
2.3030393785027616,0.7551105199612025,0.0668433883397994
2.3014823315656865,0.7536022184260143,0.06681905869205698
2.3000024162610035,0.7520656577042203,0.06679964234135029
2.2985971856520497,0.7505005432713225,0.06678483518065235
2.2972642366267433,0.7489065643426078,0.06677435591075005
2.2960012085294044,0.7472833932118006,0.06676794402622117
2.294805781678771,0.7456306846702956,0.06676535800401709
2.293675675793506,0.744044567942826,0.06675770618258844
2.2926086483473713,0.7432660303106017,0.06673648085400734
2.291602492877255,0.7424750048351879,0.06671956224958972
2.2906550372685137,0.7416710681416884,0.06670669893666498
2.289764142043488,0.7408537747057659,0.06669765707523359
2.2889276986807494,0.7400226566785298,0.06669221888845575
2.2881436279945095,0.7391772238425233,0.06669018128634525
2.2874098786057244,0.7383169637232727,0.06669135462588996
2.286724425538672,0.7374413418837561,0.06669556159269892
2.2860852689789684,0.7365498024318063,0.06669148830020746
2.2854904332310513,0.7356417687725011,0.06667637727186777
2.2849379659147075,0.7347166446384367,0.06666477764059542
2.284425937441092,0.7337738154301564,0.0666564975016972
2.2839524408084264,0.732812649896477,0.06665135741175203
2.2835155917559207,0.7318325021798114,0.06664918933627668
2.2831135293109943,0.730832714244689,0.06664983569579698
2.282744416759336,0.7298126186984543,0.06665314850273449
2.2824064430594317,0.7287715420017238,0.06665898858202826
2.282097824712806,0.7277088080527931,0.06666722486884748
2.281816808088381,0.7266237421152448,0.06667773377712553
2.2815616721842074,0.7255156750420657,0.06666644245301803
2.2813307317928895,0.7243839477333773,0.06665753006143982
2.2811223410189037,0.7232279157493106,0.06665132894153061
2.2809348970776417,0.7220469539856448,0.06664769572063452
2.280766844288466,0.7208404613085939,0.06664649582066776
2.2806166781586414,0.7196078650376848,0.06664760287642993
2.280482949442845,0.7183486251628399,0.06665089819715876
2.2803642680553926,0.7170622381842893,0.06665627026751675
2.2802593067101227,0.7157482404720912,0.06666361428444914
2.2801668041668117,0.7144062110557082,0.066672831726591
2.2800855679731074,0.7130357737727994,0.06668382995314047
2.2800144766069836,0.711636598729038,0.06669652182936361
2.279952480945771,0.710208403046154,0.06669485854175775
2.2798986050126495,0.7087509509017568,0.06668777975634765
2.2798519459785327,0.7072640528903037,0.06668290680599348
2.2798116734247085,0.7057475647580382,0.0666801287493225
2.279777027897818,0.7042013855846232,0.06667934067544101
2.2797473188120576,0.7026254554993588,0.06668044340502614
2.279721921772749,0.7010197530297619,0.06668334320477862
2.2797002754097555,0.6993842921847409,0.06668795151377233
2.2796818778182377,0.6977191193738912,0.06669418468066252
2.279666282708042,0.6960243102591404,0.06670196371104647
2.279653095361932,0.6942999666260579,0.06671121402451723
2.2796419684976628,0.6925462133504837,0.06672186522112362
2.2796325981204633,0.6907631955228979,0.06673385085706286
2.27962471944165,0.6889510757790088,0.066747108229494
2.2796181029270057,0.6871100318713247,0.0667610530042514
2.2796125505258127,0.6852402545035703,0.0667523348059024
2.279607892118974,0.6833419454383299,0.06674549694064216
2.2796039822129406,0.6814153158784102,0.06674046615216622
2.2796006968955402,0.6794605851143685,0.06673717213636263
2.2795979310606946,0.6774779794244392,0.06673554735921966
2.2795955959013057,0.6754677312085101,0.06673552689523117
2.2795936166634876,0.6734300783348479,0.0667370482839082
2.2795919306506214,0.6713652636766001,0.0667400514022049
2.279590485462348,0.6692735348145596,0.0667444783508637
2.279589237451369,0.6671551438829518,0.0667502733528719
2.2795881503797037,0.6650103475359936,0.06675738266240384
2.2795871942555737,0.6629446893057159,0.06676575448279418
2.2795863443322495,0.6617756311878945,0.0667753388922494
2.2795855802508465,0.6605922105738424,0.0667860877761565
2.279584885310003,0.6593943487932648,0.06679795476498732
2.2795842458465847,0.6581819603542569,0.06681089517692664
2.279583650712869,0.6569549531917179,0.06682486596446917
2.279583090837036,0.6557132289365136,0.06683982566433803
2.2795825588551835,0.6544566831993676,0.06685573435017284
2.2795820488043983,0.6531852058645614,0.06687255358752171
2.279581555867692,0.6518986813893886,0.06687147430091032
2.279581076162777,0.6505969891061549,0.06686509902208973
2.2795806065677344,0.6492800035241608,0.06685995614455575
2.279580144577591,0.6479475946296711,0.06685600937590538
2.279579688186689,0.6465996281823603,0.06685322402046202
2.279579235792502,0.6452359660070565,0.06685156685341474
2.279578786117205,0.6438564662799774,0.06685100600639292
2.2795783381439048,0.6424609838087959,0.06685151086360788
2.279577891064924,0.6410493703061501,0.06685305196773755
2.27957744423997,0.6396214746562798,0.06685560093477358
2.279576997162387,0.6381771431746105,0.06685913037709666
2.2795765494319924,0.636716219860171,0.06686361383408737
2.2795761007332613,0.6352385466407732,0.06686902570962405
2.279575650817855,0.633743963610922,0.06687534121586182
2.2795751994906475,0.6322323092624507,0.0668825363227261
2.2795747465985876,0.6307034207078682,0.06689058771259579
2.279574292021825,0.6291571338964181,0.0668994727396872
2.2795738356666666,0.6275932838228393,0.06690916939368864
2.2795733774599904,0.6260117047288274,0.06691965626722912
2.2795729173448254,0.6244122302971356,0.06693091252679861
2.2795724552768615,0.6227946938383082,0.06694291788676895
2.2795719912216983,0.6211589284699522,0.0669556525861944
2.279571525152678,0.6195047672884588,0.06696909736809892
2.279571057049185,0.6178320435330915,0.06698323346098396
2.2795705868953147,0.6161405907422687,0.06699804256231535
2.279570114678827,0.614430242901879,0.06701350682377098
2.279569640390329,0.6127008345854077,0.06702960883805228
2.2795691640226443,0.6109522010856574,0.06704633162708391
2.2795686855703106,0.6091841785377125,0.0670636586314425
2.2795682050291988,0.6073966040328644,0.06708157370087456
2.27956772239621,0.6055893157230471,0.06710006108577896
2.279567237669049,0.6037621529153792,0.06711910542954316
2.2795667508460395,0.601914956156247,0.06713869176163727
2.2795662619259875,0.6000475673043913,0.06714919280655675
2.279565770908079,0.5981598295923192,0.0671538340100541
2.2795652777917907,0.5962515876753136,0.06715908963356958
2.279564782576834,0.5943226876672535,0.06716494274570883
2.2795642852631013,0.592372977162324,0.06717137743391009
2.279563785850637,0.5904023052416767,0.06717837875546695
2.2795632843396025,0.5884105224639233,0.06718593269171672
2.279562780730261,0.586397480838329,0.06719402610529389
2.2795622750229603,0.584363033779415,0.06720264670035091
2.279561767218121,0.5823070360415824,0.06721178298565443
2.2795612573162316,0.5802293436322693,0.06722142424046898
2.2795607453178395,0.5781298137020016,0.06723156048314655
2.2795602312235497,0.576008304409579,0.06724218244234566
2.279559715034023,0.5738646747604891,0.06725328153081121
2.279559196749975,0.5716987844164858,0.06726484982165243
2.279558676372177,0.5695104934740678,0.06727688002706453
2.2795581539014553,0.5672996622094535,0.06728936547944747
2.279557629338696,0.5650661507873674,0.06730230011488435
2.279557102684844,0.5628098189307761,0.06731506418797278
2.27955657394091,0.5605305255483987,0.06731043681758392
2.279556043107973,0.5582281283165202,0.0673067569342581
2.2795555101871803,0.5559024832113231,0.06730399718286298
2.27955497517976,0.5535534439875359,0.0673021312757523
2.2795544380870174,0.5511808615987226,0.06730113398119801
2.2795538989103497,0.5487845835541392,0.06730098111357005
2.2795533576512463,0.5463644532063309,0.06730164952541935
2.279552814311295,0.5439203089631388,0.06730311710163912
2.279552268892197,0.541451983416958,0.06730536275590208
2.2795517213957694,0.5398320596800716,0.06730836642959742
2.279551171823956,0.5382624268641393,0.06731210909352048
2.2795506201788416,0.5366643655172403,0.06731657275260348
2.2795500664626585,0.5350369848188719,0.06732174045401594
2.279549510677805,0.5333793588389049,0.06732759629900985
2.2795489528268553,0.5316905241551342,0.06733412545894142
2.2795483929125826,0.5299694772423644,0.0673413141959639
2.27954783093797,0.5282151716058942,0.06734914988896364
2.2795472669062353,0.5264265146286565,0.06735762106539953
2.279546700820857,0.5246023640965568,0.06736671743981289
2.2795461326855952,0.522741524361285,0.06737642995989916
2.2795455625045227,0.5208427420937377,0.06738675086118141
2.2795449902820604,0.5189047015736528,0.06739767373150327
2.2795444160230134,0.5169260194523856,0.06740919358676993
2.279543839732614,0.5149052389153541,0.06742130695962054
2.279543261416569,0.5128408231581688,0.06743401200302043
2.2795426810811223,0.5107311480755452,0.06744730861113264
2.279542098733109,0.5085744940439522,0.06746119856027691
2.279541514380037,0.5063690366572084,0.06747568567333259
2.2795409280301655,0.5041128362473564,0.06749077601161473
2.279540339692613,0.5018038259906228,0.06750647809907995
2.2795397493774607,0.49943979835765334,0.0675228031847469
2.279539157095892,0.4970183896174909,0.06753976555049365
2.2795385628603513,0.4945370620419702,0.06755738287300028
2.2795379666847206,0.49199308337862885,0.0675756766506305
2.279537368584548,0.4893835030607717,0.06759467270862178
2.2795367685773025,0.48670512449578257,0.06761440179925508
2.2795361666826848,0.48395447260901236,0.06763490031793798
2.279535562923007,0.4811277556074613,0.06765621116169215
2.2795349573236465,0.4782208196474742,0.06767838476384719
2.2795343499136,0.4752290947194856,0.06770148034846052
2.279533740726174,0.47214752956456496,0.0677255674610438
2.2795331297998316,0.4689705127600869,0.06775072784994947
2.2795325171792573,0.46569177617920765,0.06777705779726835
2.279531902916709,0.46230427572486443,0.06780467103235696
2.27953128707374,0.45880004238628247,0.0678337024098141
2.2795306697234317,0.4551699939869507,0.06786431260416392
2.2795300509533294,0.4514036940407993,0.06789669417739214
2.2795294308693492,0.4474890381741696,0.06793107953208417
2.2795288096010746,0.44341183936158274,0.06796775150481678
2.279528187309086,0.4391552685890364,0.06800705773860771
2.2795275641953143,0.43469908355717973,0.06804943060282394
2.2795269405180667,0.4300185372139981,0.0680954154989451
2.2795263166144974,0.42508278547807693,0.06814571228744762
2.279525692935457,0.41985247844609336,0.06820123810549178
2.2795250701019643,0.4142759520260156,0.06826322683559169
2.279524449001878,0.408282867694564,0.06833339535855451
2.279523830967341,0.40177281998655817,0.06841424140177615
2.279523218132289,0.39459293995149,0.0685096289068741
2.279522614253357,0.38648771738031057,0.06862609870460355
2.2795220270150587,0.376961596459828,0.06877645494673382
2.2795214773812362,0.36473624931956916,0.06899392111981896
2.279521240415753,0.35623649611003305,0.0691636571485843
2.2795211316279342,0.34715078017901524,0.06936415150678645
2.279521149648132,0.34112701751085284,0.0695090353240699
2.2795211729438725,0.33911317001908936,0.06955975127452318
2.279521205018854,0.33711561209829477,0.06961123187666
2.279521271296341,0.33408721856403545,0.06969157560067558
2.279521323679393,0.33220241320627064,0.06974301705711619
2.2795213819003997,0.33040452099435735,0.06979314270771078
2.279521453898936,0.3284683269036825,0.069848304680297
2.279521545196706,0.32632574379316764,0.06991080866325666
2.279521662855654,0.3239194915278582,0.06998288581839611
2.279521816364642,0.3211933222896856,0.07006702545095538
2.2795220186603697,0.3180893974475827,0.07016614530041035
2.2795222875266226,0.3145475085024704,0.07028374920941383
2.279522647562361,0.31050541066572585,0.07042410122819025
2.2795231329840617,0.3059001152199652,0.07059243244095284
2.279523791658542,0.30067012496453216,0.0707951963389075
2.2795246909794917,0.29475853927703216,0.07099304788782372
2.279525658136173,0.28944758476192906,0.07113948618568246
2.2795266219666286,0.28490082631879887,0.0712727803354742
2.2795275856784887,0.2809021402165058,0.07139668640449573
2.279528551222904,0.27731969324094957,0.07151349450478052
2.2795295199094467,0.2740661151470874,0.07162472354428515
2.2795304926863196,0.2710800243929828,0.07173144269339404
2.2795314702834606,0.26831638694577115,0.07183443873405604
2.2795324532922456,0.26574103546083877,0.07193431098521615
2.279533442212905,0.2633273443754765,0.0720315287772016
2.279534437484246,0.2610541069278153,0.07212646808799353
2.279535439503096,0.258904122271689,0.07221943589071386
2.2795364486374914,0.25686322240493303,0.0723106869025016
2.27953746523591,0.2549195824120156,0.07240043544604835
2.279538489633904,0.2530632193644841,0.07248886406113783
2.2795395221590034,0.2512856204689069,0.07257612989236142
2.2795405631344092,0.24957946196858885,0.07266236951698749
2.2795416128818564,0.24793839315808527,0.07274770265471235
2.2795426717238625,0.24635686801128776,0.07283223506040462
2.2795437399855483,0.24483001222081152,0.07291606080958803
2.279544817996131,0.24335351697556942,0.0729992641256011
2.279545906090184,0.24192355320487652,0.0730819208560427
2.2795470046087143,0.24053670168319022,0.07316409967747073
2.27954811390011,0.23918989556494286,0.07324586308713255
2.2795492343209833,0.23788037276141316,0.0733272682260477
2.2795503662369403,0.23660563618417416,0.07340836756725506
2.2795515100232957,0.23536342033080296,0.07348920949531089
2.2795526660657406,0.23415166302511456,0.0735688139595573
2.279553834760986,0.23296848137767104,0.07362732311991148
2.279555016517387,0.23181215122563398,0.07368566503285959
2.279556211755545,0.2306810894595486,0.07374387959673674
2.2795574209089122,0.22957383875989681,0.07380200422256251
2.279558644424395,0.22848905435647315,0.07386007409247973
2.2795598827629524,0.22742549249474836,0.07391812238627966
2.2795611364002064,0.22638200034979347,0.0739761804807359
2.2795624058270603,0.22535750717355915,0.07403427812565931
2.2795636915503334,0.22435101649759193,0.0740924435999383
2.279564994093401,0.22336159924273039,0.07415070385029776
2.2795663139968623,0.2223883876112583,0.07420908461508197
2.27956765181922,0.22143056965662536,0.07426761053500724
2.279569008137585,0.22048738444198565,0.07432630525254103
2.279570383548402,0.21955811771216788,0.07438519150131782
2.2795717786682026,0.21864209801476417,0.07444429118680161
2.2795731941343815,0.21773869321531414,0.07450362545923311
2.279574630606004,0.21684730735928193,0.07456321477975886
2.279576088764645,0.21596737784009332,0.0746230789805162
2.2795775693152542,0.21511903430669216,0.07468323731934806
2.2795790729870595,0.21430307153372333,0.07474370852973394
2.279580600534512,0.21349661869370062,0.07480451086644843
2.27958215273825,0.2126992641534567,0.07486566214739454
2.2795837304061277,0.2119106164954133,0.0749271797920075
2.27958533437426,0.21113030310703068,0.07498908085657278
2.2795869655081313,0.2103579688888301,0.07505138206676618
2.279588624703742,0.2095932750691488,0.07511409984768434
2.2795903128887924,0.20883589811513847,0.07517725035160508
2.2795920310239417,0.20808552873067016,0.07524084948369326
2.2795937801040926,0.20734187093295134,0.0753049129258358
2.2795955611597525,0.20660464120045002,0.07536945615878048
2.279597375258436,0.20587356768561788,0.0754344944827245
2.2795992235061426,0.20514838948653719,0.07550004303649073
2.2796011070488857,0.2044288559722758,0.07556611681541
2.2796030270742977,0.20371472615724287,0.07563273068802034
2.2796049848132984,0.20300576812035145,0.0756998994116777
2.2796069815418387,0.20230175846518936,0.07576763764716839
2.2796090185827227,0.20160248181778892,0.07583595997240111
2.2796110973075097,0.2009077303589383,0.07590488089524947
2.2796132191384966,0.2002173033882319,0.07597441486561028
2.2796153855507955,0.19953100691738038,0.07604457628673536
2.2796175980744966,0.19884865329049112,0.07611537952588912
2.279619858296936,0.19817006082926075,0.07617449879449277
2.2796221678650572,0.1974950535012329,0.07622901380082456
2.279624528487891,0.1968234606094009,0.0762841629055199
2.279626941939133,0.19615511650164627,0.0763399611958847
2.2796294100598518,0.19548986029858348,0.0763964238372941
2.279631934761317,0.1948275356385654,0.07645356608166488
2.279634518027952,0.19416799043867133,0.07651140327564115
2.279637161920431,0.19351107667063427,0.07656995086851354
2.279639868578917,0.19285665015073952,0.07662922441988873
2.279642640226447,0.19220457034282662,0.07668923960712744
2.2796454791724803,0.19155470017358328,0.07675001223256536
2.2796483878166076,0.19090690585942724,0.07681155823052903
2.279651368652444,0.1902816061148085,0.07687389367416204
2.2796544242716963,0.18967210798729556,0.07693703478206938
2.2796575573684277,0.18906444447900636,0.07700099792479191
2.279660770743531,0.18845850383336515,0.07706579963111915
2.279664067309404,0.18785417628149106,0.07713145659424775
2.2796674500948644,0.18725135392480388,0.07719798567779514
2.279670922250289,0.18664993062382484,0.07726540392167032
2.2796744870530166,0.1860498018928617,0.07733372854781267
2.279678147912996,0.1854508648003617,0.07740297696579815
2.2796819083787323,0.1848530178746702,0.07747316677832201
2.2796857721435053,0.18425616101502684,0.07754431578655784
2.2796897430519127,0.18366019540760092,0.07761644199539845
2.279693825106726,0.1830650234464276,0.0776895636185794
2.2796980224760945,0.1824705486591051,0.0777636990836884
2.279702339501111,0.181876675637142,0.07783886703706204
2.279706780703756,0.1812833099708678,0.07791508634857029
2.2797113507952473,0.18069035818882836,0.0779923761162906
2.2797160546848114,0.18009772770161345,0.0780707556710713
2.2797208974889074,0.1795053267500737,0.07815024458098616
2.279725884540925,0.1789130643579119,0.07823086265567793
2.2797310214013775,0.17832085028863903,0.07830338750590779
2.2797363138686384,0.1777285950068955,0.07836982305435922
2.2797417679902243,0.1771362096441791,0.07843738168014064
2.2797473900746814,0.1765436059690004,0.07850608600914309
2.2797531867040948,0.17595069636152572,0.07857595904466545
2.279759164747266,0.17536196778741714,0.07864702417586233
2.2797653313735937,0.17480079210613614,0.07871930518622335
2.2797716940677004,0.17423934850860995,0.07879282626208489
2.279778260644856,0.17367755437534876,0.07886761200117753
2.2797850392672285,0.17311532694127962,0.0789436874212108
2.2797920384610424,0.17255258326520378,0.07902107796849932
2.2797992671346714,0.1719892402027825,0.07909980952663227
2.279806734597733,0.17142521438320388,0.07917990842518921
2.279814450581261,0.17086042218969624,0.07926140144850813
2.2798224252590034,0.17029477974408974,0.07934431584450811
2.279830669269926,0.16972820289561658,0.07942867933357362
2.279839193742004,0.1691606072141751,0.07951452011750486
2.279848010317375,0.1685919079882864,0.07960186688854379
2.279857131178943,0.16802202022799137,0.07969074883848162
